{"cameraMode":{"drawMode":0,"name":"Shaded","section":"Shading Mode"},"sceneLighting":true,"audioPlay":false,"sceneViewState":{"showFog":true,"showMaterialUpdate":false,"showSkybox":true,"showFlares":true,"showImageEffects":true,"showParticleSystems":true},"in2DMode":false,"pivot":{"x":0.0,"y":0.3232979476451874,"z":2.384185791015625e-7},"rotation":{"x":-0.7081660032272339,"y":-0.0010590633610263467,"z":0.0010622396366670728,"w":-0.7060443758964539},"size":11.424087524414063,"orthographic":false}